<?xml version="1.0"?>
<block>
  <name>ML_Training</name>
  <key>MachineLearning_ML_Training</key>
  <category>[MachineLearning]</category>
  <import>import MachineLearning</import>
  <make>MachineLearning.ML_Training($data_path, $model_name)</make>
  <!-- Make one 'param' node for every Parameter you want settable from the GUI.
       Sub-nodes:
       * name
       * key (makes the value accessible as $keyname, e.g. in the make node)
       * type -->
  <param>
    <name>Data_Path</name>
    <key>data_path</key>
    <type>string</type>
  </param>

  <param>
    <name>Model_Name</name>
    <key>model_name</key>
    <value>["LinearReg", "LR", "DT", "SVM", "NB", "RF"]</value>
    <type>raw</type>
  </param>

  <!-- Make one 'sink' node per input. Sub-nodes:
       * name (an identifier for the GUI)
       * type
       * vlen
       * optional (set to 1 for optional inputs) -->
  <!--sink>
    <name>in</name>
    <type><!- e.g. int, float, complex, byte, short, xxx_vector, ...-></type>
  </sink-->

  <!-- Make one 'source' node per output. Sub-nodes:
       * name (an identifier for the GUI)
       * type
       * vlen
       * optional (set to 1 for optional inputs) -->
  <!--source>
    <name>out</name>
    <type><!- e.g. int, float, complex, byte, short, xxx_vector, ...-></type>
  </source-->
</block>
